Stage,MonitorMetric,MonitorDescription,BestMonitorValue,ValLoss_MSE,MSE,RMSE,MAE,R2,Rho,Pearson
Fold_0_Val,rmse,Validation root mean squared error; lower is better.,1.4312417585249966,2.048452971345725,2.048452971345725,1.4312417585249966,1.1870931041149693,0.07023246335221678,0.2550529729547859,0.2740149199962616
Fold_1_Val,rmse,Validation root mean squared error; lower is better.,1.2043641638175266,1.4504930390878903,1.4504930390878903,1.2043641638175266,0.9687318037484438,0.026476495675774037,0.2872337728785531,0.23274122178554535
Fold_2_Val,rmse,Validation root mean squared error; lower is better.,1.2729830196098142,1.6204857682149207,1.6204857682149207,1.2729830196098142,1.0324238775340655,0.05164379765247873,0.31460208966061465,0.3346828520298004
Fold_3_Val,rmse,Validation root mean squared error; lower is better.,1.4622521010103138,2.138181206909077,2.138181206909077,1.4622521010103138,1.2413420076588637,-0.055274578511339545,0.32345492290798356,0.33480775356292725
Fold_4_Val,rmse,Validation root mean squared error; lower is better.,1.3508196416418146,1.82471370424532,1.82471370424532,1.3508196416418146,1.1163923712770911,0.06816727407322087,0.41052254786985853,0.28822511434555054
Average_Val,rmse,Validation root mean squared error; lower is better.,1.3443321369208932,1.8164653379605866,1.8164653379605866,1.3443321369208932,1.1091966328666865,0.03224909044847017,0.31817326125435913,0.29289437234401705
Holdout_Test (Model from Fold_1),,,,,0.9429876141925823,0.9710754935598891,0.8043102896213532,0.12092646906448368,0.5384964060396387,0.4234583377838135
