Stage,MonitorMetric,MonitorDescription,BestMonitorValue,ValLoss_MSE,MSE,RMSE,MAE,R2,Rho,Pearson
Fold_0_Val,rmse,Validation root mean squared error; lower is better.,0.7648492202353886,0.5849943296946819,0.5849943296946819,0.7648492202353886,0.5958337438015537,0.7344782894791935,0.7874026419713359,0.8579710125923157
Fold_1_Val,rmse,Validation root mean squared error; lower is better.,0.6842319978541104,0.46817342688742725,0.46817342688742725,0.6842319978541104,0.5329938298873319,0.6857773026876879,0.7956658992858274,0.82867830991745
Fold_2_Val,rmse,Validation root mean squared error; lower is better.,0.8015795662180231,0.642529800978274,0.642529800978274,0.8015795662180231,0.6328189555015272,0.6239725556972319,0.7809934311193643,0.7935250997543335
Fold_3_Val,rmse,Validation root mean squared error; lower is better.,0.8736908467675671,0.7633356957254285,0.7633356957254285,0.8736908467675671,0.6722029793353481,0.6232645053812945,0.7675043055076229,0.7904786467552185
Fold_4_Val,rmse,Validation root mean squared error; lower is better.,0.8711114919428479,0.7588352313948944,0.7588352313948944,0.8711114919428479,0.6766478177663442,0.612483042926214,0.7758029684453852,0.7896559238433838
Average_Val,rmse,Validation root mean squared error; lower is better.,0.7990926246035873,0.6435736969361412,0.6435736969361412,0.7990926246035873,0.622099465258421,0.6559951392343244,0.7814738492659072,0.8120617985725402
Holdout_Test (Model from Fold_1),,,,,0.4936212776986133,0.7025818654780476,0.5364011216163636,0.5398355259385182,0.6730980020576685,0.7365745306015015
