Stage,MonitorMetric,MonitorDescription,BestMonitorValue,ValLoss_MSE,MSE,RMSE,R2,Rho
Fold_0_Val,rmse,Validation root mean squared error; lower is better.,0.7736436880780361,0.5985245561029855,0.5985245561029855,0.7736436880780361,0.7362395934943498,0.8122609224575739
Fold_1_Val,rmse,Validation root mean squared error; lower is better.,0.6902807918478797,0.4764875715941359,0.4764875715941359,0.6902807918478797,0.6739600278970652,0.7766114814875886
Fold_2_Val,rmse,Validation root mean squared error; lower is better.,0.8280099435383358,0.6856004665983579,0.6856004665983579,0.8280099435383358,0.6016005011189436,0.7601799965882424
Fold_3_Val,rmse,Validation root mean squared error; lower is better.,0.8208601838880537,0.6738114414927294,0.6738114414927294,0.8208601838880537,0.6577953380216275,0.7896335211459115
Fold_4_Val,rmse,Validation root mean squared error; lower is better.,0.9052075832098462,0.8194007687006105,0.8194007687006105,0.9052075832098462,0.5904018800421005,0.7497728499104993
Average_Val,rmse,Validation root mean squared error; lower is better.,0.8036004381124304,0.6507649608977639,0.6507649608977639,0.8036004381124304,0.6519994681148173,0.7776917543179632
Holdout_Test (Model from Fold_1),,,,,0.5304309022335443,0.7283068736690217,0.5055207946257017,0.6391829759778072
