Stage,MonitorMetric,MonitorDescription,BestMonitorValue,ValLoss_MSE,MSE,RMSE,MAE,R2,Rho,Pearson
Fold_0_Val,rmse,Validation root mean squared error; lower is better.,0.7472217192060918,0.5583402976533075,0.5583402976533075,0.7472217192060918,0.5767704890324519,0.7539481674128966,0.8328677382586342,0.8698495626449585
Fold_1_Val,rmse,Validation root mean squared error; lower is better.,0.6496605602761667,0.4220588435783428,0.4220588435783428,0.6496605602761667,0.5128216101573064,0.7112032678508308,0.8130031427466433,0.8442609310150146
Fold_2_Val,rmse,Validation root mean squared error; lower is better.,0.7790542761544994,0.6069255651946109,0.6069255651946109,0.7790542761544994,0.6050870592777545,0.6473181498382983,0.7874992836712323,0.8057307004928589
Fold_3_Val,rmse,Validation root mean squared error; lower is better.,0.8722134204919448,0.7607562508862582,0.7607562508862582,0.8722134204919448,0.6653531991518461,0.6136391879815313,0.7719703916034915,0.796180248260498
Fold_4_Val,rmse,Validation root mean squared error; lower is better.,0.8607343647050186,0.7408636465841519,0.7408636465841519,0.8607343647050186,0.6540857966129596,0.6296606393630342,0.7822373708657472,0.7937991619110107
Average_Val,rmse,Validation root mean squared error; lower is better.,0.7817768681667443,0.6177889207793343,0.6177889207793343,0.7817768681667443,0.6028236308464636,0.6711538824893182,0.7975155854291497,0.8219641208648681
Holdout_Test (Model from Fold_1),,,,,0.4657407532239239,0.6824520153270294,0.5402557969093322,0.5658263562796833,0.695379189201776,0.7670282125473022
