Stage,RMSE,R2,Rho
Fold_0_Val,0.8883249065072001,0.6522466615280289,0.7634084194058277
Fold_1_Val,0.7431659371611258,0.622087844336465,0.7634062370747752
Fold_2_Val,0.9385948803378206,0.48807770876386714,0.6982546800406568
Fold_3_Val,0.896682173413462,0.5916574727987456,0.7551558881135928
Fold_4_Val,0.9216974056786225,0.5753429703341364,0.7236744160199705
Average_Val,0.8776930606196462,0.5858825315522486,0.7407799281309646
Holdout_Test (Model from Fold_1),0.816752473314322,0.37812924764700995,0.5186510632999928
