Stage,MonitorMetric,MonitorDescription,BestMonitorValue,ValLoss_MSE,MSE,RMSE,MAE,R2,Rho,Pearson
Fold_0_Val,rmse,Validation root mean squared error; lower is better.,0.7606008226649073,0.5785136114385337,0.5785136114385337,0.7606008226649073,0.5809942328012907,0.74505810368819,0.8342773261192515,0.8673355579376221
Fold_1_Val,rmse,Validation root mean squared error; lower is better.,0.6254888953579978,0.3912363582161683,0.3912363582161683,0.6254888953579978,0.4693549211208637,0.7322937702410722,0.816717789846145,0.8600607514381409
Fold_2_Val,rmse,Validation root mean squared error; lower is better.,0.772042793906394,0.5960500756227908,0.5960500756227908,0.772042793906394,0.5843603005776039,0.6536378503148698,0.7935228206704985,0.8087594509124756
Fold_3_Val,rmse,Validation root mean squared error; lower is better.,0.8187167556156346,0.6702971259257907,0.6702971259257907,0.8187167556156346,0.6284873806513273,0.6595801328419787,0.79712476648878,0.8179271221160889
Fold_4_Val,rmse,Validation root mean squared error; lower is better.,0.8428316485052842,0.7103651877221351,0.7103651877221351,0.8428316485052842,0.6286341107808626,0.6449060624681471,0.7852091431265723,0.8031575083732605
Average_Val,rmse,Validation root mean squared error; lower is better.,0.7639361832100435,0.5892924717850837,0.5892924717850837,0.7639361832100435,0.5783661891863896,0.6870951839108516,0.8053703692502493,0.8314480781555176
Holdout_Test (Model from Fold_1),,,,,0.49722764662057356,0.7051437063610322,0.5514146649837494,0.5364735905171307,0.6164689332065438,0.7382921576499939
