Stage,MonitorMetric,MonitorDescription,BestMonitorValue,ValLoss_MSE,MSE,RMSE,MAE,R2,Rho,Pearson
Fold_0_Val,rmse,Validation root mean squared error; lower is better.,0.7870710192551424,0.6194807893513289,0.6194807893513289,0.7870710192551424,0.6237021466247908,0.7188253108210605,0.775013137425467,0.8513034582138062
Fold_1_Val,rmse,Validation root mean squared error; lower is better.,0.6776965357813212,0.4592725946100036,0.4592725946100036,0.6776965357813212,0.537678309069335,0.6917512503017822,0.7986742273207357,0.8333866596221924
Fold_2_Val,rmse,Validation root mean squared error; lower is better.,0.8093957566568145,0.6551214908940574,0.6551214908940574,0.8093957566568145,0.6344948133439509,0.6166035263210441,0.7828160711928946,0.790480375289917
Fold_3_Val,rmse,Validation root mean squared error; lower is better.,0.8607846718364325,0.7409502512685548,0.7409502512685548,0.8607846718364325,0.666038919041175,0.6343125823112031,0.7708736971287818,0.7972437739372253
Fold_4_Val,rmse,Validation root mean squared error; lower is better.,0.867427425451943,0.7524303384261861,0.7524303384261861,0.867427425451943,0.6673536678078552,0.6157538513058602,0.7732086458048325,0.7911919355392456
Average_Val,rmse,Validation root mean squared error; lower is better.,0.8004750817963308,0.6454510929100261,0.6454510929100261,0.8004750817963308,0.6258535711774214,0.65544930421219,0.7801171557745423,0.8127212405204773
Holdout_Test (Model from Fold_1),,,,,0.44534234648832155,0.6673397534152462,0.5126567494869232,0.584842193990212,0.7088517268241129,0.7737371325492859
