Stage,MonitorMetric,MonitorDescription,BestMonitorValue,ValLoss_MSE,MSE,RMSE,MAE,R2,Rho,Pearson
Fold_0_Val,rmse,Validation root mean squared error; lower is better.,0.7222981589433011,0.5217146304128822,0.5217146304128822,0.7222981589433011,0.5518275545193598,0.7700885258683199,0.8411975865994096,0.8783136606216431
Fold_1_Val,rmse,Validation root mean squared error; lower is better.,0.6495287771918415,0.4218876324003289,0.4218876324003289,0.6495287771918415,0.5045507696958689,0.7113204203035519,0.8044349768700427,0.8482890725135803
Fold_2_Val,rmse,Validation root mean squared error; lower is better.,0.7804589209365128,0.6091161272693859,0.6091161272693859,0.7804589209365128,0.5952684338276203,0.6460452235855081,0.7847411701245836,0.8044401407241821
Fold_3_Val,rmse,Validation root mean squared error; lower is better.,0.8516169988671208,0.7252515127594417,0.7252515127594417,0.8516169988671208,0.6421479454407325,0.631670770945456,0.7692716587759212,0.7960126399993896
Fold_4_Val,rmse,Validation root mean squared error; lower is better.,0.863257877817201,0.7452141636134575,0.7452141636134575,0.863257877817201,0.6426106819739709,0.6274859238097719,0.778908166605257,0.7957871556282043
Average_Val,rmse,Validation root mean squared error; lower is better.,0.7734321467511955,0.6046368132910992,0.6046368132910992,0.7734321467511955,0.5872810770915105,0.6773221729025216,0.7957107117950428,0.8245685338973999
Holdout_Test (Model from Fold_1),,,,,0.46448055324353194,0.681528101580215,0.5297525823116302,0.5670011420666594,0.6847843538078084,0.7636366486549377
