Stage,MonitorMetric,MonitorDescription,BestMonitorValue,ValLoss_MSE,MSE,RMSE,MAE,R2,Rho,Pearson
Fold_0_Val,rmse,Validation root mean squared error; lower is better.,0.7860924820986421,0.617941390412004,0.617941390412004,0.7860924820986421,0.6071408913685725,0.727682898437851,0.8175964634296221,0.8538017868995667
Fold_1_Val,rmse,Validation root mean squared error; lower is better.,0.6822996691114732,0.4655328384696258,0.4655328384696258,0.6822996691114732,0.5236873562519367,0.6814558810845073,0.7699946916628904,0.8286339044570923
Fold_2_Val,rmse,Validation root mean squared error; lower is better.,0.781794688830725,0.6112029354839301,0.6112029354839301,0.781794688830725,0.5852574687737685,0.6448325882571511,0.7902000432042858,0.8039456605911255
Fold_3_Val,rmse,Validation root mean squared error; lower is better.,0.7887094076217022,0.6220625296709764,0.6220625296709764,0.7887094076217022,0.6143552312484154,0.6840767541378048,0.8099219834453226,0.8286397457122803
Fold_4_Val,rmse,Validation root mean squared error; lower is better.,0.8786200830654716,0.7719732503659762,0.7719732503659762,0.8786200830654716,0.6699676953829252,0.6141097200712728,0.7677390140426588,0.7855916619300842
Average_Val,rmse,Validation root mean squared error; lower is better.,0.7835032661456027,0.6177425888805026,0.6177425888805026,0.7835032661456027,0.6000817286051237,0.6704315683977173,0.791090439156956,0.8201225519180297
Holdout_Test (Model from Fold_1),,,,,0.5394725863172178,0.7344879756110496,0.5832159292697906,0.4970919403826437,0.6065095028666506,0.7162618041038513
