Stage,MonitorMetric,MonitorDescription,BestMonitorValue,ValLoss_MSE,MSE,RMSE,MAE,R2,Rho,Pearson
Fold_0_Val,rmse,Validation root mean squared error; lower is better.,0.7599271396651542,0.5774892575996629,0.5774892575996629,0.7599271396651542,0.5807542305726271,0.745509520396479,0.8332183429408464,0.8655416965484619
Fold_1_Val,rmse,Validation root mean squared error; lower is better.,0.6741091664229546,0.45442316825545065,0.45442316825545065,0.6741091664229546,0.5225678434738746,0.6890577510652584,0.7902905729892825,0.8317038416862488
Fold_2_Val,rmse,Validation root mean squared error; lower is better.,0.7815448156045284,0.6108122987983163,0.6108122987983163,0.7815448156045284,0.5994868837870084,0.6450595855644388,0.7808806987809142,0.8037700057029724
Fold_3_Val,rmse,Validation root mean squared error; lower is better.,0.8142089621157845,0.6629362339896631,0.6629362339896631,0.8142089621157845,0.6297995576491723,0.6633184658261762,0.7868381733417185,0.8144475817680359
Fold_4_Val,rmse,Validation root mean squared error; lower is better.,0.8489183910201437,0.7206624346122296,0.7206624346122296,0.8489183910201437,0.6333908209433923,0.6397587241594297,0.7879545759262917,0.8040582537651062
Average_Val,rmse,Validation root mean squared error; lower is better.,0.7757416949657132,0.6052646786510645,0.6052646786510645,0.7757416949657132,0.5931998672852149,0.6765408094023565,0.7958364727958106,0.823904275894165
Holdout_Test (Model from Fold_1),,,,,0.4632917106711457,0.6806553538106828,0.5402689850330353,0.5681094069283659,0.6954309518330997,0.765239953994751
