Folder_Name,CV_Mean_Val_R2,CV_Gap,CV_Val_R2_Std,CV_Mean_Rho,Holdout_Train_R2(Full),Holdout_Test_R2,Holdout_Gap,Holdout_RMSE,Holdout_Rho
33%,0.5065140474621435,0.023811400458089604,0.04915547710756618,0.7499964445464145,0.3539932068323256,0.3954005145548355,-0.04140730772250989,0.8053307426421162,0.7747425557668556
