Dataset,FoldCount,Holdout_Molecule_RMSE_Mean,Holdout_Molecule_RMSE_Std,Min_Fold_Holdout_Molecule_RMSE,Fold_0_Holdout_Molecule_RMSE,Fold_1_Holdout_Molecule_RMSE,Fold_2_Holdout_Molecule_RMSE,Fold_3_Holdout_Molecule_RMSE,Fold_4_Holdout_Molecule_RMSE,Pretrain_LR,Main_LR
0%,5,0.6728327636027458,0.0277580429036458,0.6403903790803517,0.6772272644936583,0.6564305861480956,0.6674553541532148,0.6403903790803517,0.7226602341384087,0.0002,0.001
67%,5,0.6877260841997467,0.0341265499224825,0.6361046996819092,0.7380968313869221,0.680206983555389,0.6758915741955926,0.6361046996819092,0.7083303321789205,0.0001,0.0007
ALL_DATASETS,10,0.6836802056126277,0.0108474420098819,0.6728327636027458,,,,,,0.0002,0.001
