Stage,RMSE,R2,Rho
Fold_0_Val,0.9575678563185318,0.5959205645921029,0.7391004373858625
Fold_1_Val,0.8456949024235483,0.5106194601765375,0.6945041591917395
Fold_2_Val,0.8527138381154601,0.5774731608262597,0.7387688110953132
Fold_3_Val,0.9473876825811368,0.5441698906889796,0.7176139582682428
Fold_4_Val,0.933461239883754,0.5644338046610176,0.7518599618472775
Average_Val,0.9073651038644861,0.5585233761889794,0.7283694655576871
Holdout_Test (Model from Fold_1),0.9235656316089299,0.20483960344878172,0.4242030157109168
