Stage,MonitorMetric,MonitorDescription,BestMonitorValue,ValLoss_MSE,MSE,RMSE,R2,Rho
Fold_0_Val,rmse,Validation root mean squared error; lower is better.,0.8463643551391116,0.7163326216500442,0.7163326216500442,0.8463643551391116,0.684323422400795,0.7819979689385287
Fold_1_Val,rmse,Validation root mean squared error; lower is better.,0.7372012632646452,0.5434657025589886,0.5434657025589886,0.7372012632646452,0.6281297707127538,0.7555116304967058
Fold_2_Val,rmse,Validation root mean squared error; lower is better.,0.8777005912810895,0.770358327935174,0.770358327935174,0.8777005912810895,0.5523480703988237,0.7298400647892295
Fold_3_Val,rmse,Validation root mean squared error; lower is better.,0.8693114584455081,0.7557024117846562,0.7557024117846562,0.8693114584455081,0.6162058515834812,0.7599481428339928
Fold_4_Val,rmse,Validation root mean squared error; lower is better.,0.9168516487789874,0.8406169458687476,0.8406169458687476,0.9168516487789874,0.5797964393191887,0.7637635645334905
Average_Val,rmse,Validation root mean squared error; lower is better.,0.8494858633818684,0.7252952019595222,0.7252952019595222,0.8494858633818684,0.6121607108830085,0.7582122743183894
Holdout_Test (Model from Fold_1),,,,,0.5882525974596945,0.7669762691633258,0.4516181547372117,0.6229085046164298
