Stage,MonitorMetric,MonitorDescription,BestMonitorValue,ValLoss_MSE,MSE,RMSE,MAE,R2,Rho,Pearson
Fold_0_Val,rmse,Validation root mean squared error; lower is better.,0.7920849139400974,0.6273985108914915,0.6273985108914915,0.7920849139400974,0.6232592176845055,0.7152315546766741,0.737178022735412,0.8475225567817688
Fold_1_Val,rmse,Validation root mean squared error; lower is better.,0.755322429068165,0.5705119718534332,0.5705119718534332,0.755322429068165,0.6168985639819662,0.6170910172399493,0.7728810756398224,0.8084670901298523
Fold_2_Val,rmse,Validation root mean squared error; lower is better.,0.9042764086283065,0.817715823201708,0.817715823201708,0.9042764086283065,0.703021480836941,0.521448513833416,0.7329708854660952,0.7322198152542114
Fold_3_Val,rmse,Validation root mean squared error; lower is better.,0.9092266112428672,0.826693030592188,0.826693030592188,0.9092266112428672,0.7070473013943388,0.5919952263178178,0.7337479993333477,0.7744876742362976
Fold_4_Val,rmse,Validation root mean squared error; lower is better.,0.8854988296447512,0.7841081773022243,0.7841081773022243,0.8854988296447512,0.6747344580396262,0.5995768220641489,0.7597259040733138,0.7769381999969482
Average_Val,rmse,Validation root mean squared error; lower is better.,0.8492818385048375,0.725285502768209,0.725285502768209,0.8492818385048375,0.6649922043874755,0.6090686268264012,0.7473007774495983,0.7879270672798157
Holdout_Test (Model from Fold_1),,,,,0.6687749124265226,0.8177865934499798,0.6867135417461395,0.3765535041822836,0.671073257971545,0.7188327312469482
