Stage,MonitorMetric,MonitorDescription,BestMonitorValue,ValLoss_MSE,MSE,RMSE,MAE,R2,Rho,Pearson
Fold_0_Val,rmse,Validation root mean squared error; lower is better.,0.7803360972589288,0.6089244246852965,0.6089244246852965,0.7803360972589288,0.6159157092754658,0.7316565341413034,0.8140477432041155,0.8588559627532959
Fold_1_Val,rmse,Validation root mean squared error; lower is better.,0.6913971213812636,0.4780299794542978,0.4780299794542978,0.6913971213812636,0.561965604011829,0.672904624470663,0.7821614325855206,0.820429265499115
Fold_2_Val,rmse,Validation root mean squared error; lower is better.,0.8333273415445348,0.6944344581656817,0.6944344581656817,0.8333273415445348,0.6407459845909705,0.5964671064014586,0.7681470835839277,0.776371419429779
Fold_3_Val,rmse,Validation root mean squared error; lower is better.,0.8996964924495329,0.8094537785259923,0.8094537785259923,0.8996964924495329,0.6924242936647855,0.5889074604403368,0.7380172259319958,0.771248996257782
Fold_4_Val,rmse,Validation root mean squared error; lower is better.,0.8670066451494094,0.7517005227332338,0.7517005227332338,0.8670066451494094,0.6749405439083392,0.6242435537726467,0.7823274969860067,0.7942736744880676
Average_Val,rmse,Validation root mean squared error; lower is better.,0.8143527395567339,0.6685086327129005,0.6685086327129005,0.8143527395567339,0.6371984270902781,0.6428358558452818,0.7769401964583132,0.804235863685608
Holdout_Test (Model from Fold_1),,,,,0.5436829383549698,0.7373485867315199,0.6003980314731598,0.4931669587852159,0.6568062764858497,0.7121935486793518
