Stage,MonitorMetric,MonitorDescription,BestMonitorValue,ValLoss_MSE,MSE,RMSE,MAE,R2,Rho,Pearson
Fold_0_Val,rmse,Validation root mean squared error; lower is better.,0.7673905043371472,0.5888881861468211,0.5888881861468211,0.7673905043371472,0.5906135366513179,0.7404861909496419,0.8044868525224863,0.8619872331619263
Fold_1_Val,rmse,Validation root mean squared error; lower is better.,0.6577079944646155,0.4325798059826667,0.4325798059826667,0.6577079944646155,0.5115686334096469,0.704004225329479,0.7957032859534033,0.8395399451255798
Fold_2_Val,rmse,Validation root mean squared error; lower is better.,0.7800760456749223,0.6085186370358234,0.6085186370358234,0.7800760456749223,0.5896264030383184,0.6463924226048126,0.7856448372316487,0.8042791485786438
Fold_3_Val,rmse,Validation root mean squared error; lower is better.,0.8290025712627324,0.6872452631602217,0.6872452631602217,0.8290025712627324,0.6454840238277729,0.650972781858708,0.7878015919425285,0.8080733418464661
Fold_4_Val,rmse,Validation root mean squared error; lower is better.,0.8560580814737396,0.7328354388564999,0.7328354388564999,0.8560580814737396,0.6581233207996074,0.6336737412754139,0.7952145080226396,0.7998656034469604
Average_Val,rmse,Validation root mean squared error; lower is better.,0.7780470394426314,0.6100134662364066,0.6100134662364066,0.7780470394426314,0.5990831835453327,0.6751058724036111,0.7937702151345413,0.8227490544319153
Holdout_Test (Model from Fold_1),,,,,0.5455453173521689,0.7386103961847335,0.5827643644809722,0.4914308086424488,0.6241748136262022,0.7223904132843018
