Stage,MonitorMetric,MonitorDescription,BestMonitorValue,ValLoss_MSE,MSE,RMSE,MAE,R2,Rho,Pearson
Fold_0_Val,rmse,Validation root mean squared error; lower is better.,0.736736713191712,0.5427809845645268,0.5427809845645268,0.736736713191712,0.5681579530239105,0.760804913227916,0.8321928157106951,0.8757087588310242
Fold_1_Val,rmse,Validation root mean squared error; lower is better.,0.6198583808046487,0.38422441225376097,0.38422441225376097,0.6198583808046487,0.4906653697674091,0.7370917435823746,0.8062344350872536,0.8609723448753357
Fold_2_Val,rmse,Validation root mean squared error; lower is better.,0.7748056510572535,0.6003237969102545,0.6003237969102545,0.7748056510572535,0.5864475296093867,0.6511544091530943,0.7850190639761707,0.8069512248039246
Fold_3_Val,rmse,Validation root mean squared error; lower is better.,0.7738154505082983,0.5987903514453605,0.5987903514453605,0.7738154505082983,0.587581913287823,0.6958958587014711,0.8205472411040791,0.8376263380050659
Fold_4_Val,rmse,Validation root mean squared error; lower is better.,0.855762512856914,0.7323294784111799,0.7323294784111799,0.855762512856914,0.6364363523629996,0.6339266583522489,0.7855327778311402,0.7968961596488953
Average_Val,rmse,Validation root mean squared error; lower is better.,0.7521957416837652,0.5716898047170166,0.5716898047170166,0.7521957416837652,0.5738578236103058,0.6957747166034209,0.8059052667418676,0.8356309652328491
Holdout_Test (Model from Fold_1),,,,,0.3497267542719581,0.5913769984299001,0.4698423850536346,0.6739771253478186,0.7804491983245212,0.8215988278388977
