Stage,MonitorMetric,MonitorDescription,BestMonitorValue,ValLoss_MSE,MSE,RMSE,MAE,R2,Rho,Pearson
Fold_0_Val,rmse,Validation root mean squared error; lower is better.,0.7374474374497642,0.5438287230012238,0.5438287230012238,0.7374474374497642,0.5769729219950163,0.7603431912932737,0.827785165221853,0.8749471306800842
Fold_1_Val,rmse,Validation root mean squared error; lower is better.,0.6967039225243141,0.4853963556607655,0.4853963556607655,0.6967039225243141,0.5367375493049622,0.6678641297420782,0.7798580851008834,0.8192093968391418
Fold_2_Val,rmse,Validation root mean squared error; lower is better.,0.7868624126096299,0.6191524563778474,0.6191524563778474,0.7868624126096299,0.604327469605666,0.640213155665171,0.7772124316613771,0.8001412749290466
Fold_3_Val,rmse,Validation root mean squared error; lower is better.,0.810781438790232,0.6573665414867588,0.6573665414867588,0.810781438790232,0.6265691518783569,0.6661471128673386,0.7941935432050962,0.8164142370223999
Fold_4_Val,rmse,Validation root mean squared error; lower is better.,0.8660281006555111,0.750004671124992,0.750004671124992,0.8660281006555111,0.641489248092358,0.6250912679279128,0.785144279630931,0.7953431010246277
Average_Val,rmse,Validation root mean squared error; lower is better.,0.7795646624058903,0.6111497495303175,0.6111497495303175,0.7795646624058903,0.5972192681752718,0.6719317714991548,0.7928387009640281,0.8212110280990601
Holdout_Test (Model from Fold_1),,,,,0.5500975055382937,0.7416855840167677,0.5771227514743805,0.48718715996453266,0.5954765605640886,0.7058613896369934
