Stage,MonitorMetric,MonitorDescription,BestMonitorValue,ValLoss_MSE,MSE,RMSE,MAE,R2,Rho,Pearson
Fold_0_Val,rmse,Validation root mean squared error; lower is better.,0.776420537160566,0.6028288505247019,0.6028288505247019,0.776420537160566,0.6037453981546256,0.7343427582938294,0.8373296693165824,0.8618019223213196
Fold_1_Val,rmse,Validation root mean squared error; lower is better.,0.6780130444181091,0.4597016884011127,0.4597016884011127,0.6780130444181091,0.5513580404795133,0.6854458865306208,0.7750769406630081,0.8286311030387878
Fold_2_Val,rmse,Validation root mean squared error; lower is better.,0.8131245757612563,0.6611715757069231,0.6611715757069231,0.8131245757612563,0.6349870883501493,0.6157960251355123,0.7651189282232674,0.7866843342781067
Fold_3_Val,rmse,Validation root mean squared error; lower is better.,0.8052718140383965,0.6484626944846898,0.6484626944846898,0.8052718140383965,0.6169341811766991,0.6706690573847842,0.7941880808742625,0.820766270160675
Fold_4_Val,rmse,Validation root mean squared error; lower is better.,0.877022888978103,0.7691691477914979,0.7691691477914979,0.877022888978103,0.6672943463692298,0.6155114213956404,0.7706158807677562,0.7909044623374939
Average_Val,rmse,Validation root mean squared error; lower is better.,0.7899705720712862,0.6282667913817852,0.6282667913817852,0.7899705720712862,0.6148638109060434,0.6643530297480774,0.7884658999689753,0.8177576184272766
Holdout_Test (Model from Fold_1),,,,,0.39722402131819934,0.6302571073127214,0.5055272841453552,0.6296991416036977,0.7481785735180139,0.7972788214683533
