Stage,MonitorMetric,MonitorDescription,BestMonitorValue,ValLoss_MSE,MSE,RMSE,MAE,R2,Rho,Pearson
Fold_0_Val,rmse,Validation root mean squared error; lower is better.,0.7615580311112092,0.5799706347499816,0.5799706347499816,0.7615580311112092,0.5976975037501409,0.7444160163134999,0.8166002955009998,0.8687307834625244
Fold_1_Val,rmse,Validation root mean squared error; lower is better.,0.7332901663988962,0.5377144681373209,0.5377144681373209,0.7332901663988962,0.5778632631668678,0.6320650933154495,0.7603385209791846,0.7960996627807617
Fold_2_Val,rmse,Validation root mean squared error; lower is better.,0.8057113016144583,0.6491707015492645,0.6491707015492645,0.8057113016144583,0.5999160693241999,0.6227696817817332,0.7763456349916231,0.7897258400917053
Fold_3_Val,rmse,Validation root mean squared error; lower is better.,0.8270489723117341,0.6840100026018956,0.6840100026018956,0.8270489723117341,0.6528261890778175,0.6526158546496972,0.7987306917539145,0.8115664720535278
Fold_4_Val,rmse,Validation root mean squared error; lower is better.,0.8721527426105423,0.7606504064430908,0.7606504064430908,0.8721527426105423,0.6576345333686242,0.6197697288979,0.769827959989125,0.7881245017051697
Average_Val,rmse,Validation root mean squared error; lower is better.,0.799952242809368,0.6423032426963107,0.6423032426963107,0.799952242809368,0.6171875117375301,0.6543272749916559,0.7843686206429694,0.8108494520187378
Holdout_Test (Model from Fold_1),,,,,0.4839442666775497,0.695661028574657,0.5520034205913543,0.548856645748742,0.6828481313230792,0.7481231689453125
