Stage,MonitorMetric,MonitorDescription,BestMonitorValue,ValLoss_MSE,MSE,RMSE,MAE,R2,Rho,Pearson
Fold_0_Val,rmse,Validation root mean squared error; lower is better.,0.7835571468814267,0.6139618024289617,0.6139618024289617,0.7835571468814267,0.6243852532826937,0.7294366405916677,0.8105452486061043,0.8564378619194031
Fold_1_Val,rmse,Validation root mean squared error; lower is better.,0.6644396571570569,0.4414800580029873,0.4414800580029873,0.6644396571570569,0.5245878082055312,0.6979141652871865,0.7961453839217753,0.8358035683631897
Fold_2_Val,rmse,Validation root mean squared error; lower is better.,0.7511898011168398,0.5642861173019572,0.5642861173019572,0.7511898011168398,0.5783797071530269,0.6720957506431557,0.8113742574020575,0.8202530145645142
Fold_3_Val,rmse,Validation root mean squared error; lower is better.,0.7993227904659842,0.6389169233583277,0.6389169233583277,0.7993227904659842,0.6218344991023724,0.6755170121395788,0.7983544737177372,0.8260312080383301
Fold_4_Val,rmse,Validation root mean squared error; lower is better.,0.8490605397218587,0.720903800112774,0.720903800112774,0.8490605397218587,0.6416890465296232,0.6396380715325076,0.7923079406442748,0.8007327318191528
Average_Val,rmse,Validation root mean squared error; lower is better.,0.7695139870686333,0.5959097402410015,0.5959097402410015,0.7695139870686333,0.5981752628546495,0.6829203280388193,0.8017454608583898,0.827851676940918
Holdout_Test (Model from Fold_1),,,,,0.4844618675509346,0.6960329500468599,0.5453804981708527,0.5483741269748645,0.66960890063323,0.7417155504226685
