Stage,MSE,RMSE,R2,Rho
Fold_0_Val,1.3341003725328098,1.1550326283412127,0.4120828410621694,0.47510109340956524
Fold_1_Val,1.4505735919497411,1.2043976054234504,0.007434817512105174,0.03558632604099336
Fold_2_Val,1.6399618410209107,1.2806099488216194,0.04702518817050316,0.22498942125343518
Fold_3_Val,1.5531798163024093,1.246266350465425,0.21119568279825407,0.4261294013798287
Fold_4_Val,1.4854694926026597,1.2187983806202976,0.2574506460498869,0.5047014940370264
Average_Val,1.492657022881706,1.2210209827344012,0.18703783511858374,0.33330154722416977
Holdout_Test (Model from Fold_0),0.8198393390687957,0.9054497993090482,0.2357279653008666,0.3455298175634857
