Stage,MonitorMetric,MonitorDescription,BestMonitorValue,ValLoss_MSE,MSE,RMSE,R2,Rho
Fold_0_Val,rmse,Validation root mean squared error; lower is better.,0.697406928727421,0.4863764242370142,0.4863764242370142,0.697406928727421,0.7856615203780449,0.8422384762547793
Fold_1_Val,rmse,Validation root mean squared error; lower is better.,0.6721208042464383,0.451746375500879,0.451746375500879,0.6721208042464383,0.6908893653340336,0.7906517619086163
Fold_2_Val,rmse,Validation root mean squared error; lower is better.,0.7904438323664476,0.6248014521261566,0.6248014521261566,0.7904438323664476,0.6369305483961389,0.7876119433407947
Fold_3_Val,rmse,Validation root mean squared error; lower is better.,0.8405069302559598,0.7064518998082969,0.7064518998082969,0.8405069302559598,0.6412184200340774,0.7737978826630719
Fold_4_Val,rmse,Validation root mean squared error; lower is better.,0.8739716617321315,0.7638264655108232,0.7638264655108232,0.8739716617321315,0.6181820957485178,0.7730100265305555
Average_Val,rmse,Validation root mean squared error; lower is better.,0.7748900314656796,0.606640523436634,0.606640523436634,0.7748900314656796,0.6745763899781624,0.7934620181395635
Holdout_Test (Model from Fold_1),,,,,0.4333701989440559,0.6583085894503093,0.5960028899062764,0.7145891268873477
