Stage,MonitorMetric,MonitorDescription,BestMonitorValue,ValLoss_MSE,MSE,RMSE,MAE,R2,Rho,Pearson
Fold_0_Val,rmse,Validation root mean squared error; lower is better.,0.7308959002929935,0.5342088170651054,0.5342088170651054,0.7308959002929935,0.5624426319048955,0.7645825333125511,0.8257474248634068,0.8744906187057495
Fold_1_Val,rmse,Validation root mean squared error; lower is better.,0.669059223045218,0.44764024394187085,0.44764024394187085,0.669059223045218,0.5180405360001784,0.6936990147325919,0.8043789891736618,0.8377700448036194
Fold_2_Val,rmse,Validation root mean squared error; lower is better.,0.7909685334556872,0.6256312209170405,0.6256312209170405,0.7909685334556872,0.6223208675017724,0.6364483733006121,0.781263400264488,0.8003936409950256
Fold_3_Val,rmse,Validation root mean squared error; lower is better.,0.8409113309911701,0.7071318665893412,0.7071318665893412,0.8409113309911701,0.6451902371186476,0.6408730892959286,0.7705413092991006,0.8020666837692261
Fold_4_Val,rmse,Validation root mean squared error; lower is better.,0.8604933032414316,0.7404487249233503,0.7404487249233503,0.8604933032414316,0.6596325049033531,0.6298680484096033,0.7699819254445681,0.7942330241203308
Average_Val,rmse,Validation root mean squared error; lower is better.,0.7784656582053,0.6110121746873417,0.6110121746873417,0.7784656582053,0.6015253554857695,0.6730942118102574,0.7903826098090451,0.8217908024787903
Holdout_Test (Model from Fold_1),,,,,0.4608690169616139,0.6788733438290341,0.5174689900875091,0.5703678946132088,0.7153325583024451,0.7710306644439697
