Stage,MonitorMetric,MonitorDescription,BestMonitorValue,ValLoss_MSE,MSE,RMSE,R2,Rho
Fold_0_Val,rmse,Validation root mean squared error; lower is better.,1.4978826651220098,2.2436524784730154,2.2436524784730154,1.4978826651220098,0.011257460123948237,0.2309761114856576
Fold_1_Val,rmse,Validation root mean squared error; lower is better.,1.3458838845962025,1.811403430815764,1.811403430815764,1.3458838845962025,-0.2394655375258905,0.14884090110931092
Fold_2_Val,rmse,Validation root mean squared error; lower is better.,1.3127153975201302,1.7232217148864337,1.7232217148864337,1.3127153975201302,-0.001356768436823197,0.09813749676281158
Fold_3_Val,rmse,Validation root mean squared error; lower is better.,1.4664398849902582,2.1504459362902417,2.1504459362902417,1.4664398849902582,-0.09213435601613673,0.09052345355598329
Fold_4_Val,rmse,Validation root mean squared error; lower is better.,1.435384217139625,2.060327850813534,2.060327850813534,1.435384217139625,-0.029906788503961668,0.04582981492553004
Average_Val,rmse,Validation root mean squared error; lower is better.,1.411661209873645,1.997810282255798,1.997810282255798,1.411661209873645,-0.07032119807177277,0.12286155556785869
Holdout_Test (Model from Fold_2),,,,,1.3360226735655536,1.15586447024102,-0.2454693480431278,0.08063642722241608
