Stage,MonitorMetric,MonitorDescription,BestMonitorValue,ValLoss_MSE,MSE,RMSE,MAE,R2,Rho,Pearson
Fold_0_Val,rmse,Validation root mean squared error; lower is better.,0.7389752987784132,0.5460844922046451,0.5460844922046451,0.7389752987784132,0.5769776014181284,0.7593491091023086,0.8318684978449683,0.8717506527900696
Fold_1_Val,rmse,Validation root mean squared error; lower is better.,0.6579256065785046,0.43286610379169327,0.43286610379169327,0.6579256065785046,0.5218626976013183,0.7038083240400586,0.8054949878289575,0.8401301503181458
Fold_2_Val,rmse,Validation root mean squared error; lower is better.,0.7969793174144122,0.6351760323863425,0.6351760323863425,0.7969793174144122,0.6272710084915161,0.6309019241782083,0.783986691731454,0.8008477687835693
Fold_3_Val,rmse,Validation root mean squared error; lower is better.,0.8056747187854157,0.6491117524899588,0.6491117524899588,0.8056747187854157,0.6138842096695534,0.6703394241051751,0.7982360094177794,0.8212701082229614
Fold_4_Val,rmse,Validation root mean squared error; lower is better.,0.8603896804270741,0.7402704021854027,0.7402704021854027,0.8603896804270741,0.6544858895815335,0.6299571875232082,0.7746070340706059,0.7953975796699524
Average_Val,rmse,Validation root mean squared error; lower is better.,0.7719889243967641,0.6007017566116085,0.6007017566116085,0.7719889243967641,0.5988962813524099,0.6788711937897918,0.798838644178753,0.8258792519569397
Holdout_Test (Model from Fold_1),,,,,0.4988834454482827,0.7063168166257142,0.5553556251525879,0.5349300188942527,0.6908173259977316,0.742762565612793
