Stage,MonitorMetric,MonitorDescription,BestMonitorValue,ValLoss_MSE,MSE,RMSE,MAE,R2,Rho,Pearson
Fold_0_Val,rmse,Validation root mean squared error; lower is better.,0.7418035922783974,0.5502725695171349,0.5502725695171349,0.7418035922783974,0.5681518838955806,0.7575034889633258,0.8327881950347245,0.8706573843955994
Fold_1_Val,rmse,Validation root mean squared error; lower is better.,0.6782935780448593,0.46008217801689766,0.46008217801689766,0.6782935780448593,0.5298718342414269,0.6851855338349546,0.7957094309444694,0.8325938582420349
Fold_2_Val,rmse,Validation root mean squared error; lower is better.,0.8108545637327049,0.6574851235261552,0.6574851235261552,0.8108545637327049,0.6351171887837923,0.6179382067310906,0.7709359224950028,0.7886472940444946
Fold_3_Val,rmse,Validation root mean squared error; lower is better.,0.7879635720305461,0.6208865908471377,0.6208865908471377,0.7879635720305461,0.6019421806702248,0.6846739712863107,0.8031862467359031,0.8287234306335449
Fold_4_Val,rmse,Validation root mean squared error; lower is better.,0.8530646800499638,0.7277193483487471,0.7277193483487471,0.8530646800499638,0.6450709095368019,0.6362311480213619,0.7822933583040902,0.8072288036346436
Average_Val,rmse,Validation root mean squared error; lower is better.,0.7743959972272944,0.6032891620512145,0.6032891620512145,0.7743959972272944,0.5960307994255654,0.6763064697674086,0.796982630702838,0.8255701541900635
Holdout_Test (Model from Fold_1),,,,,0.4408850951326249,0.6639917884527073,0.5194737255573273,0.5889973404932487,0.7024691693269893,0.7725238800048828
