Stage,MonitorMetric,MonitorDescription,BestMonitorValue,ValLoss_MSE,MSE,RMSE,R2,Rho
Fold_0_Val,rmse,Validation root mean squared error; lower is better.,0.7080781070014056,0.501374605614694,0.501374605614694,0.7080781070014056,0.7790520565278405,0.8322996699127716
Fold_1_Val,rmse,Validation root mean squared error; lower is better.,0.6875154318432418,0.4726774690225992,0.4726774690225992,0.6875154318432418,0.6765671173789107,0.7908115316763369
Fold_2_Val,rmse,Validation root mean squared error; lower is better.,0.779093780733465,0.6069871191775645,0.6069871191775645,0.779093780733465,0.6472823810820654,0.7857861739080086
Fold_3_Val,rmse,Validation root mean squared error; lower is better.,0.8229915410581647,0.6773150766532928,0.6773150766532928,0.8229915410581647,0.6560159673965755,0.7945680542628881
Fold_4_Val,rmse,Validation root mean squared error; lower is better.,0.8749199035602293,0.765484837645841,0.765484837645841,0.8749199035602293,0.6173531166522801,0.7725744169493018
Average_Val,rmse,Validation root mean squared error; lower is better.,0.7745197528393014,0.6047678216227983,0.6047678216227983,0.7745197528393014,0.6752541278075345,0.7952079693418613
Holdout_Test (Model from Fold_1),,,,,0.4467001053096871,0.6683562712428807,0.5835764617331889,0.7059297637950466
