Stage,MonitorMetric,MonitorDescription,BestMonitorValue,ValLoss_MSE,MSE,RMSE,R2,Rho
Fold_0_Val,rmse,Validation root mean squared error; lower is better.,0.7802822865050114,0.6088404466334888,0.6088404466334888,0.7802822865050114,0.7316935419546947,0.7848294345999381
Fold_1_Val,rmse,Validation root mean squared error; lower is better.,0.6737536119837096,0.4539439296610952,0.4539439296610952,0.6737536119837096,0.6893856734440342,0.8044629707182329
Fold_2_Val,rmse,Validation root mean squared error; lower is better.,0.7800311592315274,0.6084486093720806,0.6084486093720806,0.7800311592315274,0.6464331153807107,0.7892007860745617
Fold_3_Val,rmse,Validation root mean squared error; lower is better.,0.8491583202816207,0.7210698529035037,0.7210698529035037,0.8491583202816207,0.6337944859930065,0.7797255358047672
Fold_4_Val,rmse,Validation root mean squared error; lower is better.,0.8582808742380089,0.7366460590827608,0.7366460590827608,0.8582808742380089,0.6317689067424598,0.7813531790041115
Average_Val,rmse,Validation root mean squared error; lower is better.,0.7883012504479756,0.6257897795305858,0.6257897795305858,0.7883012504479756,0.6666151447029811,0.7879143812403223
Holdout_Test (Model from Fold_1),,,,,0.48965373068348245,0.6997526210622455,0.5435341594213452,0.6861571888124789