Stage,MSE,RMSE,R2,Rho
Fold_0_Val,2.4391139579293655,1.5617662942736872,-0.07487935540335311,0.15165274095003595
Fold_1_Val,1.4791631374470657,1.2162085090341481,-0.012127780070866123,-0.037502880476854225
Fold_2_Val,1.7024960504741393,1.3047973216075128,0.010686826511125291,0.13178689170345254
Fold_3_Val,1.9448459045389883,1.3945773211044945,0.012282525377735332,0.11765109545497894
Fold_4_Val,1.8470574873927754,1.3590649312644247,0.07670177623830321,0.40847171883781397
Average_Val,1.882535307556467,1.3672828754568533,0.00253279853058892,0.15441191329388543
Holdout_Test (Model from Fold_1),1.0576932855338819,1.028442164408812,0.013995351405358014,0.26740650360098545
