Stage,MonitorMetric,MonitorDescription,BestMonitorValue,ValLoss_MSE,MSE,RMSE,MAE,R2,Rho,Pearson
Fold_0_Val,rmse,Validation root mean squared error; lower is better.,0.7175864192221386,0.5149302690520509,0.5149302690520509,0.7175864192221386,0.5505239917681768,0.7730782877622432,0.8329623025205357,0.8805558085441589
Fold_1_Val,rmse,Validation root mean squared error; lower is better.,0.6344932090482142,0.4025816323283008,0.4025816323283008,0.6344932090482142,0.511630654335022,0.7245306866360909,0.8045404658833453,0.8513921499252319
Fold_2_Val,rmse,Validation root mean squared error; lower is better.,0.7437741950537955,0.5532000532279214,0.5532000532279214,0.7437741950537955,0.5784774074187645,0.6785378150623542,0.806468099489087,0.8278248906135559
Fold_3_Val,rmse,Validation root mean squared error; lower is better.,0.8186140739802762,0.6701290021185851,0.6701290021185851,0.8186140739802762,0.6266922950744629,0.6596655168931724,0.7924404764031263,0.8127945065498352
Fold_4_Val,rmse,Validation root mean squared error; lower is better.,0.8599684984872948,0.7395458183904925,0.7395458183904925,0.8599684984872948,0.6457979110571054,0.6303193889897967,0.7821202751867739,0.7976521849632263
Average_Val,rmse,Validation root mean squared error; lower is better.,0.7548872791583439,0.5760773550234701,0.5760773550234701,0.7548872791583439,0.5826244519307063,0.6932263390687314,0.8037063238965736,0.8340439081192017
Holdout_Test (Model from Fold_1),,,,,0.451358812231754,0.6718324286842322,0.5284851634502411,0.5792335139765721,0.7087181942389591,0.7625035643577576
