Stage,MonitorMetric,MonitorDescription,BestMonitorValue,ValLoss_MSE,MSE,RMSE,MAE,R2,Rho,Pearson
Fold_0_Val,rmse,Validation root mean squared error; lower is better.,0.7234807190698018,0.5234243508657576,0.5234243508657576,0.7234807190698018,0.5642850527396569,0.7693350788174627,0.8310467787893845,0.8795662522315979
Fold_1_Val,rmse,Validation root mean squared error; lower is better.,0.6548403851737672,0.4288159300545278,0.4288159300545278,0.6548403851737672,0.5130486084864689,0.7065796839054577,0.809549657767454,0.8477848768234253
Fold_2_Val,rmse,Validation root mean squared error; lower is better.,0.78903074378937,0.6225695146448065,0.6225695146448065,0.78903074378937,0.5905033441690298,0.6382275177207304,0.7876460826346016,0.8000317215919495
Fold_3_Val,rmse,Validation root mean squared error; lower is better.,0.802834182816676,0.6445427250989199,0.6445427250989199,0.802834182816676,0.6135135412216186,0.6726598692291946,0.8042872477945894,0.8219877481460571
Fold_4_Val,rmse,Validation root mean squared error; lower is better.,0.8289623231424416,0.6871785331897137,0.6871785331897137,0.8289623231424416,0.6275873019145085,0.656496495949987,0.7900312319472681,0.8125931024551392
Average_Val,rmse,Validation root mean squared error; lower is better.,0.7598296707984112,0.5813062107707451,0.5813062107707451,0.7598296707984112,0.5817875697062564,0.6886597291245665,0.8045121997866594,0.8323927402496338
Holdout_Test (Model from Fold_1),,,,,0.43633609944881213,0.6605574157094992,0.5262938058376312,0.5932380130511844,0.7185906033435838,0.7886685729026794
