Stage,RMSE,R2,Rho
Fold_0_Val,0.8833163427053032,0.6561570204687892,0.7566981074887952
Fold_1_Val,0.7189918773093282,0.6462737922226951,0.7770163300557682
Fold_2_Val,0.8214777579698527,0.6078616679322046,0.7787022326631953
Fold_3_Val,0.9412466649365603,0.5500601683790018,0.7276216345635214
Fold_4_Val,0.9131241145412275,0.5832062366508641,0.7427910602587479
Average_Val,0.8556313514924545,0.608711777130711,0.7565658730060056
Holdout_Test (Model from Fold_1),0.7967117037020289,0.40827269632352714,0.5787759852231197
