Stage,MonitorMetric,MonitorDescription,BestMonitorValue,ValLoss_MSE,MSE,RMSE,MAE,R2,Rho,Pearson
Fold_0_Val,rmse,Validation root mean squared error; lower is better.,0.7431657216407797,0.5522952898218608,0.5522952898218608,0.7431657216407797,0.5602364888558021,0.7566121077754,0.8162240867767565,0.8700153231620789
Fold_1_Val,rmse,Validation root mean squared error; lower is better.,0.69784282376543,0.4869846066809091,0.4869846066809091,0.69784282376543,0.5458032965660096,0.6667773578110336,0.792284281201863,0.8179610967636108
Fold_2_Val,rmse,Validation root mean squared error; lower is better.,0.763905676478648,0.583551882556301,0.583551882556301,0.763905676478648,0.5877256402602562,0.6609004968520187,0.800249285729246,0.8138222098350525
Fold_3_Val,rmse,Validation root mean squared error; lower is better.,0.8166044760153938,0.6668428702483757,0.6668428702483757,0.8166044760153938,0.6249377525769747,0.6613344253987481,0.7828889081488871,0.8149219751358032
Fold_4_Val,rmse,Validation root mean squared error; lower is better.,0.848269396301586,0.7195609687018572,0.7195609687018572,0.848269396301586,0.632572498688331,0.6403093196474003,0.7887073338625489,0.8076145052909851
Average_Val,rmse,Validation root mean squared error; lower is better.,0.7739576188403674,0.6018471236018608,0.6018471236018608,0.7739576188403674,0.5902551353894747,0.6771867414969203,0.7960707791438603,0.8248670220375061
Holdout_Test (Model from Fold_1),,,,,0.41935565711937356,0.6475767577047323,0.5194337809085846,0.609067550121157,0.7412926431858444,0.784760594367981
