Folder_Name,CV_Mean_Val_R2,CV_Gap,CV_Val_R2_Std,CV_Mean_Rho,Holdout_Train_R2(Full),Holdout_Test_R2,Holdout_Gap,Holdout_RMSE,Holdout_Rho
0%,0.5489451917863898,0.1653457662968083,0.05809477468783948,0.7480579835100478,0.7252428455673083,0.5470110914945435,0.17823175407276481,0.6970824930105508,0.7856509676810157
