Metric,Dataset_A,Dataset_B,n_molecules,Mean_A,Mean_B,Median_A,Median_B,Mean_diff_A_minus_B,Median_diff_A_minus_B,Wilcoxon_stat,Wilcoxon_p,Friedman_stat,Friedman_p,Wilcoxon_p_holm
mean_abs_error,0%,33%,200,0.5468543949,0.5831687979,0.4467983900000003,0.48204590999999963,-0.036314403,-0.0320376700000001,7227.0,0.0005720310870537009,33.429999999999836,5.5051319772288034e-08,0.0011440621741074018
mean_abs_error,0%,67%,200,0.5468543949,0.5185897095,0.4467983900000003,0.43063621999999996,0.028264685399999986,0.0164302199999998,7825.0,0.006630005809935497,33.429999999999836,5.5051319772288034e-08,0.006630005809935497
mean_abs_error,33%,67%,200,0.5831687979,0.5185897095,0.48204590999999963,0.43063621999999996,0.06457908839999998,0.04516994999999985,5617.0,6.337252750553221e-08,33.429999999999836,5.5051319772288034e-08,1.9011758251659663e-07
rmse,0%,33%,200,0.5896536310258362,0.6351492491900789,0.4938263154494004,0.5639961517541738,-0.04549561816424268,-0.042377983838706515,6596.0,2.5036785477289425e-05,32.5300000000002,8.633765562617948e-08,5.007357095457885e-05
rmse,0%,67%,200,0.5896536310258362,0.5602870406559983,0.4938263154494004,0.4710206624886055,0.029366590369837936,0.020682735147835724,7680.0,0.0038303763556128724,32.5300000000002,8.633765562617948e-08,0.0038303763556128724
rmse,33%,67%,200,0.6351492491900789,0.5602870406559983,0.5639961517541738,0.4710206624886055,0.0748622085340806,0.06352720116776417,5007.0,7.587833237388884e-10,32.5300000000002,8.633765562617948e-08,2.276349971216665e-09
