Stage,MonitorMetric,MonitorDescription,BestMonitorValue,ValLoss_MSE,MSE,RMSE,MAE,R2,Rho,Pearson
Fold_0_Val,rmse,Validation root mean squared error; lower is better.,1.4206853001112623,2.018346721952227,2.018346721952227,1.4206853001112623,1.1638631229182237,0.08389731860047134,0.36788037241104987,0.428223192691803
Fold_1_Val,rmse,Validation root mean squared error; lower is better.,1.1835197606917474,1.4007190239478509,1.4007190239478509,1.1835197606917474,0.9983022431380876,0.05988318728864028,0.3232813296255573,0.3456149101257324
Fold_2_Val,rmse,Validation root mean squared error; lower is better.,1.275303307104538,1.626398525111772,1.626398525111772,1.275303307104538,1.0731005386541819,0.04818347742869866,0.2628094849132778,0.26358601450920105
Fold_3_Val,rmse,Validation root mean squared error; lower is better.,1.4695430896568151,2.1595568923580983,2.1595568923580983,1.4695430896568151,1.1681114771893917,-0.06582430057405286,0.35623834602776827,0.38167044520378113
Fold_4_Val,rmse,Validation root mean squared error; lower is better.,1.4042731056073616,1.9719829551321442,1.9719829551321442,1.4042731056073616,1.1323105285526702,-0.007039212938844797,0.5519714971322411,0.5184505581855774
Average_Val,rmse,Validation root mean squared error; lower is better.,1.3506649126343448,1.8354008237004187,1.8354008237004187,1.3506649126343448,1.1071375820905112,0.023820093960982523,0.3724362060219789,0.38750902414321897
Holdout_Test (Model from Fold_1),,,,,1.1756194506777584,1.0842598630760794,0.9404890525341034,-0.09593798050958391,0.516029173495991,0.516764223575592
