Dataset,Fold,Checkpoint,Val_RMSE,Val_MAE,Val_Pearson,Holdout_MSE,Holdout_RMSE,Holdout_MAE,Holdout_R2,Holdout_Rho,Holdout_Pearson
67%,0,best_model_fold_0.pth,0.7673905043371472,0.5906135366513179,0.8619872331619263,0.4461866171909381,0.6679720182694318,0.5210076129436493,0.5840551465078863,0.7078569840830238,0.7752403020858765
67%,1,best_model_fold_1.pth,0.6577079944646155,0.5115686334096469,0.8395399451255798,0.5456270429465852,0.7386657179987339,0.5826843631267548,0.491354622268662,0.6241838158229541,0.7221618294715881
67%,2,best_model_fold_2.pth,0.7800760456749223,0.5896264030383184,0.8042791485786438,0.43275993603795937,0.6578449179236391,0.5371780896186829,0.5965717902392045,0.7284832673909003,0.7875931262969971
67%,3,best_model_fold_3.pth,0.8290025712627324,0.6454840238277729,0.8080733418464661,0.4063583026894634,0.6374623931570108,0.500355155467987,0.6211839661583969,0.750261081699962,0.7962326407432556
67%,4,best_model_fold_4.pth,0.8560580814737396,0.6581233207996074,0.7998656034469604,0.5018110584541353,0.708386235364674,0.5634362673759461,0.5322008344770521,0.7114938715708066,0.7528380751609802
