iteration_name,pred_vs_ref_count,pred_vs_ref_mae,pred_vs_ref_std_ae,target_vs_ref_count,target_vs_ref_mae,target_vs_ref_std_ae,mae_gap_target_minus_pred
cv_iteration_0,11661,0.011930912434611089,0.005948152039139422,,,,
cv_iteration_1,11643,0.03614956573048182,0.016681240179107427,,,,
cv_iteration_2,11635,0.021165771345079503,0.010085326938149642,,,,
cv_iteration_3,11662,0.0373037720545361,0.0221058506076406,,,,
cv_iteration_4,11702,0.003494198162707196,0.0030217927938511083,,,,
__weighted_mean__,58303,0.021992096631391168,,,,,
