iteration_name,pred_vs_ref_count,pred_vs_ref_mae,pred_vs_ref_std_ae,target_vs_ref_count,target_vs_ref_mae,target_vs_ref_std_ae,mae_gap_target_minus_pred
cv_iteration_0,11661,0.017235467138324325,0.008940955132609124,,,,
cv_iteration_1,11643,0.017443732182427212,0.008207685589268965,,,,
cv_iteration_2,11635,0.014300210468414249,0.00711624897950499,,,,
cv_iteration_3,11662,0.010666746064139917,0.0059637593361763,,,,
cv_iteration_4,11702,0.003679906280977622,0.0020542695419816025,,,,
__weighted_mean__,58303,0.012656655074352943,,,,,
