Dataset,n_molecules,mean_mae,median_mae,mean_rmse,median_rmse
0%,200,0.5706150104,0.47184574999999995,0.6167326110956195,0.5254492746008992
33%,200,0.5796095283,0.4843361800000003,0.6351558622653799,0.5453525533411939
67%,200,0.625083366,0.55277202,0.6756927058042127,0.6043496312284697
