Dataset,n_rows,n_unique_molecules,mean_abs_error,rmse
0%,1000,200,0.5706150104,0.7226178144996517
33%,1000,200,0.5796095283,0.726461334426347
67%,1000,200,0.6250833659999999,0.7671523776696477
