Metric,Dataset_A,Dataset_B,n_molecules,Mean_A,Mean_B,Median_A,Median_B,Mean_diff_A_minus_B,Median_diff_A_minus_B,Wilcoxon_stat,Wilcoxon_p,Friedman_stat,Friedman_p,Wilcoxon_p_holm
mean_abs_error,0%,33%,200,0.5706150104,0.5796095283,0.47184574999999995,0.4843361800000003,-0.00899451790000003,0.0020821999999998952,9816.0,0.7752459197766489,8.36999999999989,0.015222205941916396,0.7752459197766489
mean_abs_error,0%,67%,200,0.5706150104,0.625083366,0.47184574999999995,0.55277202,-0.05446835560000003,-0.031734330000000005,8340.0,0.03693416845289762,8.36999999999989,0.015222205941916396,0.07386833690579524
mean_abs_error,33%,67%,200,0.5796095283,0.625083366,0.4843361800000003,0.55277202,-0.04547383770000001,-0.045717839999999954,7277.0,0.0007155988940263952,8.36999999999989,0.015222205941916396,0.002146796682079186
rmse,0%,33%,200,0.6167326110956195,0.6351558622653798,0.5254492746008992,0.5453525533411939,-0.0184232511697604,0.0005346351775239455,9392.0,0.4220487326566088,9.490000000000236,0.008695062005794427,0.4220487326566088
rmse,0%,67%,200,0.6167326110956195,0.6756927058042127,0.5254492746008992,0.6043496312284697,-0.05896009470859328,-0.039686125358320196,8033.0,0.013851821692691545,9.490000000000236,0.008695062005794427,0.02770364338538309
rmse,33%,67%,200,0.6351558622653798,0.6756927058042127,0.5453525533411939,0.6043496312284697,-0.04053684353883288,-0.04375746192033769,7480.0,0.0017136420237451923,9.490000000000236,0.008695062005794427,0.005140926071235577
