Stage,MonitorMetric,MonitorDescription,BestMonitorValue,ValLoss_MSE,MSE,RMSE,MAE,R2,Rho,Pearson
Fold_0_Val,rmse,Validation root mean squared error; lower is better.,0.793396054582182,0.6294772994265727,0.6294772994265727,0.793396054582182,0.6227101588067208,0.7142880182018267,0.7573445395598379,0.8516526818275452
Fold_1_Val,rmse,Validation root mean squared error; lower is better.,0.7434641551132539,0.5527389499382646,0.5527389499382646,0.7434641551132539,0.5909237934432867,0.6290196884648499,0.7604917819083907,0.7932122349739075
Fold_2_Val,rmse,Validation root mean squared error; lower is better.,0.9035974769363353,0.8164884003257109,0.8164884003257109,0.9035974769363353,0.7253867824569004,0.5221668380052089,0.7321915174976223,0.7444043755531311
Fold_3_Val,rmse,Validation root mean squared error; lower is better.,0.8890922975580338,0.7904851135770232,0.7904851135770232,0.8890922975580338,0.6921471857842598,0.6098652245403662,0.7502099413057812,0.7814788818359375
Fold_4_Val,rmse,Validation root mean squared error; lower is better.,0.9025501263693073,0.8145967306092525,0.8145967306092525,0.9025501263693073,0.6991635703672313,0.5840071293109494,0.7497885984743708,0.7671429514884949
Average_Val,rmse,Validation root mean squared error; lower is better.,0.8464200221118225,0.7207572987753648,0.7207572987753648,0.8464200221118225,0.6660662981716798,0.6118693797046403,0.7500052757492005,0.7875782251358032
Holdout_Test (Model from Fold_1),,,,,0.4934611285272018,0.7024678843386378,0.5629409694671631,0.5399848204737488,0.69221491704347,0.7369948029518127
