Folder_Name,CV_Mean_Val_R2,CV_Gap,CV_Val_R2_Std,CV_Mean_Rho,Holdout_Train_R2(Full),Holdout_Test_R2,Holdout_Gap,Holdout_RMSE,Holdout_Rho
67%,0.42052936860593865,-0.066113395989289,0.03763149270564022,0.7233373955427013,0.20345663636614808,0.24697034414140007,-0.043513707775251986,0.8987655791631599,0.7246550832221388
